-- phpMyAdmin SQL Dump
-- version 5.2.1
-- https://www.phpmyadmin.net/
--
-- 主機： 127.0.0.1
-- 產生時間： 2023-12-02 03:32:35
-- 伺服器版本： 10.4.28-MariaDB
-- PHP 版本： 8.2.4

SET SQL_MODE = "NO_AUTO_VALUE_ON_ZERO";
START TRANSACTION;
SET time_zone = "+00:00";


/*!40101 SET @OLD_CHARACTER_SET_CLIENT=@@CHARACTER_SET_CLIENT */;
/*!40101 SET @OLD_CHARACTER_SET_RESULTS=@@CHARACTER_SET_RESULTS */;
/*!40101 SET @OLD_COLLATION_CONNECTION=@@COLLATION_CONNECTION */;
/*!40101 SET NAMES utf8mb4 */;

--
-- 資料庫： `fd`
--

-- --------------------------------------------------------

--
-- 資料表結構 `comment`
--

CREATE TABLE `comment` (
  `CommentID` int(11) NOT NULL,
  `PostID` int(11) DEFAULT NULL,
  `UserID` int(11) DEFAULT NULL,
  `Content` text DEFAULT NULL,
  `Timestamp` timestamp NOT NULL DEFAULT current_timestamp()
) ENGINE=InnoDB DEFAULT CHARSET=utf8mb4 COLLATE=utf8mb4_general_ci;

-- --------------------------------------------------------

--
-- 資料表結構 `like`
--

CREATE TABLE `like` (
  `LikeID` int(11) NOT NULL,
  `PostID` int(11) DEFAULT NULL,
  `UserID` int(11) DEFAULT NULL,
  `Timestamp` timestamp NOT NULL DEFAULT current_timestamp()
) ENGINE=InnoDB DEFAULT CHARSET=utf8mb4 COLLATE=utf8mb4_general_ci;

--
-- 傾印資料表的資料 `like`
--

INSERT INTO `like` (`LikeID`, `PostID`, `UserID`, `Timestamp`) VALUES
(1, 10, 3, '2023-11-29 13:10:17'),
(2, 18, 5, '2023-11-29 13:10:17'),
(3, 3, 5, '2023-11-29 13:10:17'),
(4, 1, 3, '2023-11-29 13:10:17'),
(5, 8, 2, '2023-11-29 13:10:17'),
(6, 16, 4, '2023-11-29 13:10:17'),
(7, 11, 2, '2023-11-29 13:10:17'),
(8, 20, 5, '2023-11-29 13:10:17'),
(9, 16, 1, '2023-11-29 13:10:17'),
(10, 15, 4, '2023-11-29 13:10:17'),
(11, 6, 2, '2023-11-29 13:10:17'),
(12, 20, 4, '2023-11-29 13:10:17'),
(13, 20, 3, '2023-11-29 13:10:17'),
(14, 11, 2, '2023-11-29 13:10:17'),
(15, 13, 2, '2023-11-29 13:10:17'),
(16, 16, 5, '2023-11-29 13:10:17'),
(17, 12, 5, '2023-11-29 13:10:17'),
(18, 15, 5, '2023-11-29 13:10:17'),
(19, 7, 1, '2023-11-29 13:10:17'),
(20, 20, 5, '2023-11-29 13:10:17'),
(32, 5, 3, '2023-11-29 13:10:27'),
(33, 8, 4, '2023-11-29 13:10:27'),
(34, 20, 1, '2023-11-29 13:10:27'),
(35, 12, 3, '2023-11-29 13:10:27'),
(36, 11, 2, '2023-11-29 13:10:27'),
(37, 2, 2, '2023-11-29 13:10:27'),
(38, 14, 2, '2023-11-29 13:10:27'),
(39, 3, 5, '2023-11-29 13:10:27'),
(40, 2, 4, '2023-11-29 13:10:27'),
(41, 3, 3, '2023-11-29 13:10:27'),
(42, 10, 4, '2023-11-29 13:10:27'),
(43, 9, 4, '2023-11-29 13:10:27'),
(44, 10, 1, '2023-11-29 13:10:27'),
(45, 10, 5, '2023-11-29 13:10:27'),
(46, 19, 1, '2023-11-29 13:10:27'),
(47, 7, 4, '2023-11-29 13:10:27'),
(48, 5, 1, '2023-11-29 13:10:27'),
(49, 5, 3, '2023-11-29 13:10:27'),
(50, 4, 1, '2023-11-29 13:10:27'),
(51, 1, 5, '2023-11-29 13:10:27'),
(52, 3, 1, '2023-11-29 13:10:27'),
(53, 10, 5, '2023-11-29 13:10:27'),
(54, 15, 1, '2023-11-29 13:10:27'),
(55, 15, 1, '2023-11-29 13:10:27'),
(56, 10, 5, '2023-11-29 13:10:27'),
(57, 4, 1, '2023-11-29 13:10:27'),
(58, 1, 4, '2023-11-29 13:10:27'),
(59, 17, 4, '2023-11-29 13:10:27'),
(60, 3, 3, '2023-11-29 13:10:27'),
(61, 18, 1, '2023-11-29 13:10:27'),
(62, 10, 2, '2023-11-29 13:10:27'),
(63, 18, 4, '2023-11-29 13:10:27'),
(64, 16, 5, '2023-11-29 13:10:27'),
(65, 3, 5, '2023-11-29 13:10:27'),
(66, 1, 3, '2023-11-29 13:10:27'),
(67, 15, 5, '2023-11-29 13:10:27'),
(68, 20, 2, '2023-11-29 13:10:27'),
(69, 1, 5, '2023-11-29 13:10:27'),
(70, 12, 1, '2023-11-29 13:10:27'),
(71, 15, 2, '2023-11-29 13:10:27'),
(72, 8, 5, '2023-11-29 13:10:27'),
(73, 17, 2, '2023-11-29 13:10:27'),
(74, 14, 3, '2023-11-29 13:10:27'),
(75, 15, 1, '2023-11-29 13:10:27'),
(76, 8, 3, '2023-11-29 13:10:27'),
(77, 14, 4, '2023-11-29 13:10:27'),
(78, 8, 5, '2023-11-29 13:10:27'),
(79, 4, 2, '2023-11-29 13:10:27'),
(80, 18, 3, '2023-11-29 13:10:27'),
(81, 20, 3, '2023-11-29 13:10:27');

-- --------------------------------------------------------

--
-- 資料表結構 `post`
--

CREATE TABLE `post` (
  `PostID` int(11) NOT NULL,
  `UserID` int(11) DEFAULT NULL,
  `Title` varchar(32) NOT NULL,
  `Content` text DEFAULT NULL,
  `Timestamp` timestamp NOT NULL DEFAULT current_timestamp()
) ENGINE=InnoDB DEFAULT CHARSET=utf8mb4 COLLATE=utf8mb4_general_ci;

--
-- 傾印資料表的資料 `post`
--

INSERT INTO `post` (`PostID`, `UserID`, `Title`, `Content`, `Timestamp`) VALUES
(1, 1, '標題1', '內容1', '2023-11-29 12:14:47'),
(2, 2, '標題2', '內容2', '2023-11-29 12:14:47'),
(3, 3, '標題3', '內容3', '2023-11-29 12:14:47'),
(4, 4, '標題4', '內容4', '2023-11-29 12:14:47'),
(5, 5, '標題5', '內容5', '2023-11-29 12:14:47'),
(6, 1, '標題6', '內容6', '2023-11-29 12:14:47'),
(7, 2, '標題7', '內容7', '2023-11-29 12:14:47'),
(8, 3, '標題8', '內容8', '2023-11-29 12:14:47'),
(9, 4, '標題9', '內容9', '2023-11-29 12:14:47'),
(10, 5, '標題10', '內容10', '2023-11-29 12:14:47'),
(11, 1, '標題11', '內容11', '2023-11-29 12:14:47'),
(12, 2, '標題12', '內容12', '2023-11-29 12:14:47'),
(13, 3, '標題13', '內容13', '2023-11-29 12:14:47'),
(14, 4, '標題14', '內容14', '2023-11-29 12:14:47'),
(15, 5, '標題15', '內容15', '2023-11-29 12:14:47'),
(16, 1, '標題16', '內容16', '2023-11-29 12:14:47'),
(17, 2, '標題17', '內容17', '2023-11-29 12:14:47'),
(18, 3, '標題18', '內容18', '2023-11-29 12:14:47'),
(19, 4, '標題19', '內容19', '2023-11-29 12:14:47'),
(20, 5, '標題20', '內容20', '2023-11-29 12:14:47'),
(21, 5, '標題31', '內容範例6', '2023-11-29 13:15:53'),
(22, 4, '標題2', '內容範例9', '2023-11-29 13:15:53'),
(23, 4, '標題9', '內容範例34', '2023-11-29 13:15:53'),
(24, 5, '標題15', '內容範例41', '2023-11-29 13:15:53'),
(25, 2, '標題39', '內容範例4', '2023-11-29 13:15:53'),
(26, 1, '標題15', '內容範例7', '2023-11-29 13:15:53'),
(27, 4, '標題26', '內容範例10', '2023-11-29 13:15:53'),
(28, 3, '標題35', '內容範例3', '2023-11-29 13:15:53'),
(29, 1, '標題40', '內容範例18', '2023-11-29 13:15:53'),
(30, 3, '標題4', '內容範例5', '2023-11-29 13:15:53'),
(31, 1, '標題37', '內容範例4', '2023-11-29 13:15:53'),
(32, 1, '標題24', '內容範例49', '2023-11-29 13:15:53'),
(33, 3, '標題16', '內容範例13', '2023-11-29 13:15:53'),
(34, 2, '標題32', '內容範例15', '2023-11-29 13:15:53'),
(35, 4, '標題13', '內容範例17', '2023-11-29 13:15:53'),
(36, 5, '標題34', '內容範例27', '2023-11-29 13:15:53'),
(37, 4, '標題40', '內容範例46', '2023-11-29 13:15:53'),
(38, 2, '標題16', '內容範例44', '2023-11-29 13:15:53'),
(39, 3, '標題40', '內容範例23', '2023-11-29 13:15:53'),
(40, 5, '標題20', '內容範例4', '2023-11-29 13:15:53'),
(41, 1, '標題33', '內容範例38', '2023-11-29 13:15:53'),
(42, 5, '標題46', '內容範例1', '2023-11-29 13:15:53'),
(43, 2, '標題42', '內容範例3', '2023-11-29 13:15:53'),
(44, 4, '標題30', '內容範例35', '2023-11-29 13:15:53'),
(45, 4, '標題16', '內容範例26', '2023-11-29 13:15:53'),
(46, 3, '標題23', '內容範例24', '2023-11-29 13:15:53'),
(47, 1, '標題35', '內容範例21', '2023-11-29 13:15:53'),
(48, 5, '標題32', '內容範例12', '2023-11-29 13:15:53'),
(49, 2, '標題22', '內容範例26', '2023-11-29 13:15:53'),
(50, 2, '標題28', '內容範例6', '2023-11-29 13:15:53'),
(51, 5, '標題12', '內容範例22', '2023-11-29 13:15:53'),
(52, 3, '標題50', '內容範例29', '2023-11-29 13:15:53'),
(53, 5, '標題45', '內容範例33', '2023-11-29 13:15:53'),
(54, 4, '標題8', '內容範例44', '2023-11-29 13:15:53'),
(55, 5, '標題45', '內容範例39', '2023-11-29 13:15:53'),
(56, 1, '標題20', '內容範例29', '2023-11-29 13:15:53'),
(57, 4, '標題27', '內容範例38', '2023-11-29 13:15:53'),
(58, 1, '標題24', '內容範例45', '2023-11-29 13:15:53'),
(59, 1, '標題32', '內容範例1', '2023-11-29 13:15:53'),
(60, 1, '標題25', '內容範例6', '2023-11-29 13:15:53'),
(61, 1, '標題14', '內容範例48', '2023-11-29 13:15:53'),
(62, 5, '標題47', '內容範例39', '2023-11-29 13:15:53'),
(63, 1, '標題5', '內容範例12', '2023-11-29 13:15:53'),
(64, 5, '標題24', '內容範例45', '2023-11-29 13:15:53'),
(65, 1, '標題20', '內容範例48', '2023-11-29 13:15:53'),
(66, 3, '標題45', '內容範例41', '2023-11-29 13:15:53'),
(67, 2, '標題20', '內容範例42', '2023-11-29 13:15:53'),
(68, 5, '標題24', '內容範例20', '2023-11-29 13:15:53'),
(69, 3, '標題25', '內容範例45', '2023-11-29 13:15:53'),
(70, 5, '標題1', '內容範例15', '2023-11-29 13:15:53');

-- --------------------------------------------------------

--
-- 資料表結構 `users`
--

CREATE TABLE `users` (
  `UserID` int(11) NOT NULL,
  `Username` varchar(255) NOT NULL,
  `Email` varchar(255) NOT NULL,
  `Password` varchar(255) NOT NULL
) ENGINE=InnoDB DEFAULT CHARSET=utf8mb4 COLLATE=utf8mb4_general_ci;

--
-- 傾印資料表的資料 `users`
--

INSERT INTO `users` (`UserID`, `Username`, `Email`, `Password`) VALUES
(1, 'User1', 'user1@example.com', '1234'),
(2, 'User2', 'user2@example.com', '1234'),
(3, 'User3', 'user3@example.com', '1234'),
(4, 'User4', 'user4@example.com', '1234'),
(5, 'User5', 'user5@example.com', '1234');

--
-- 已傾印資料表的索引
--

--
-- 資料表索引 `comment`
--
ALTER TABLE `comment`
  ADD PRIMARY KEY (`CommentID`),
  ADD KEY `PostID` (`PostID`),
  ADD KEY `UserID` (`UserID`);

--
-- 資料表索引 `like`
--
ALTER TABLE `like`
  ADD PRIMARY KEY (`LikeID`),
  ADD KEY `PostID` (`PostID`),
  ADD KEY `UserID` (`UserID`);

--
-- 資料表索引 `post`
--
ALTER TABLE `post`
  ADD PRIMARY KEY (`PostID`),
  ADD KEY `UserID` (`UserID`);

--
-- 資料表索引 `users`
--
ALTER TABLE `users`
  ADD PRIMARY KEY (`UserID`);

--
-- 在傾印的資料表使用自動遞增(AUTO_INCREMENT)
--

--
-- 使用資料表自動遞增(AUTO_INCREMENT) `comment`
--
ALTER TABLE `comment`
  MODIFY `CommentID` int(11) NOT NULL AUTO_INCREMENT;

--
-- 使用資料表自動遞增(AUTO_INCREMENT) `like`
--
ALTER TABLE `like`
  MODIFY `LikeID` int(11) NOT NULL AUTO_INCREMENT, AUTO_INCREMENT=82;

--
-- 使用資料表自動遞增(AUTO_INCREMENT) `post`
--
ALTER TABLE `post`
  MODIFY `PostID` int(11) NOT NULL AUTO_INCREMENT, AUTO_INCREMENT=71;

--
-- 使用資料表自動遞增(AUTO_INCREMENT) `users`
--
ALTER TABLE `users`
  MODIFY `UserID` int(11) NOT NULL AUTO_INCREMENT, AUTO_INCREMENT=6;

--
-- 已傾印資料表的限制式
--

--
-- 資料表的限制式 `comment`
--
ALTER TABLE `comment`
  ADD CONSTRAINT `comment_ibfk_1` FOREIGN KEY (`PostID`) REFERENCES `post` (`PostID`),
  ADD CONSTRAINT `comment_ibfk_2` FOREIGN KEY (`UserID`) REFERENCES `users` (`UserID`);

--
-- 資料表的限制式 `like`
--
ALTER TABLE `like`
  ADD CONSTRAINT `like_ibfk_1` FOREIGN KEY (`PostID`) REFERENCES `post` (`PostID`),
  ADD CONSTRAINT `like_ibfk_2` FOREIGN KEY (`UserID`) REFERENCES `users` (`UserID`);

--
-- 資料表的限制式 `post`
--
ALTER TABLE `post`
  ADD CONSTRAINT `post_ibfk_1` FOREIGN KEY (`UserID`) REFERENCES `users` (`UserID`);
COMMIT;

/*!40101 SET CHARACTER_SET_CLIENT=@OLD_CHARACTER_SET_CLIENT */;
/*!40101 SET CHARACTER_SET_RESULTS=@OLD_CHARACTER_SET_RESULTS */;
/*!40101 SET COLLATION_CONNECTION=@OLD_COLLATION_CONNECTION */;
